{
  "properties": {
    "connectionReferences": {
      "shared_commondataserviceforapps": {
        "runtimeSource": "embedded",
        "connection": {
          "connectionReferenceLogicalName": "pu_sharedcommondataserviceforapps_09efb"
        },
        "api": {
          "name": "shared_commondataserviceforapps"
        }
      },
      "shared_outlook": {
        "runtimeSource": "embedded",
        "connection": {
          "connectionReferenceLogicalName": "new_sharedoutlook_123e3"
        },
        "api": {
          "name": "shared_outlook"
        }
      }
    },
    "definition": {
      "$schema": "https://schema.management.azure.com/providers/Microsoft.Logic/schemas/2016-06-01/workflowdefinition.json#",
      "contentVersion": "1.0.0.0",
      "parameters": {
        "$connections": {
          "defaultValue": {},
          "type": "Object"
        },
        "$authentication": {
          "defaultValue": {},
          "type": "SecureObject"
        }
      },
      "triggers": {
        "When_a_row_is_added,_modified_or_deleted": {
          "metadata": {
            "operationMetadataId": "d8de732f-b4a6-43a0-b3f8-3b131e93bf07"
          },
          "type": "OpenApiConnectionWebhook",
          "inputs": {
            "host": {
              "connectionName": "shared_commondataserviceforapps",
              "operationId": "SubscribeWebhookTrigger",
              "apiId": "/providers/Microsoft.PowerApps/apis/shared_commondataserviceforapps"
            },
            "parameters": {
              "subscriptionRequest/message": 3,
              "subscriptionRequest/entityname": "pu_factanimaldata2",
              "subscriptionRequest/scope": 4
            },
            "authentication": "@parameters('$authentication')"
          }
        }
      },
      "actions": {
        "Initialize_variable_MicrochipID": {
          "runAfter": {},
          "metadata": {
            "operationMetadataId": "58951710-3103-4f6a-808c-3a34a2a41f52"
          },
          "type": "InitializeVariable",
          "inputs": {
            "variables": [
              {
                "name": "MicrochipID",
                "type": "string",
                "value": "@triggerOutputs()?['body/pu_animalmicrochipid']"
              }
            ]
          }
        },
        "Initialize_variable_AnimalData": {
          "runAfter": {
            "List_rows_factAnimalData2s": [
              "Succeeded"
            ]
          },
          "metadata": {
            "operationMetadataId": "6e740cbc-797e-494f-b63f-6889a6e38cf0"
          },
          "type": "InitializeVariable",
          "inputs": {
            "variables": [
              {
                "name": "AnimalData",
                "type": "object",
                "value": "@first(outputs('List_rows_factAnimalData2s')?['body/value'])"
              }
            ]
          }
        },
        "List_rows_factAnimalStatusAndLocationLog2S": {
          "runAfter": {
            "Initialize_variable_AnimalData": [
              "Succeeded"
            ]
          },
          "metadata": {
            "operationMetadataId": "59762513-2ab0-41f3-a1ac-d4b8e83d95e2"
          },
          "type": "OpenApiConnection",
          "inputs": {
            "host": {
              "connectionName": "shared_commondataserviceforapps",
              "operationId": "ListRecords",
              "apiId": "/providers/Microsoft.PowerApps/apis/shared_commondataserviceforapps"
            },
            "parameters": {
              "entityName": "pu_factanimalstatusandlocationlog2s",
              "$filter": "_pu_refanimalmicrochipid_value eq '@{variables('AnimalData')['pu_factanimaldata2id']}'",
              "$top": 10
            },
            "authentication": "@parameters('$authentication')"
          }
        },
        "Initialize_variable_StatusDataShelter": {
          "runAfter": {
            "List_rows_factAnimalStatusAndLocationLog2S": [
              "Succeeded"
            ]
          },
          "metadata": {
            "operationMetadataId": "666090e5-8877-422e-80d2-b1e5ee312405"
          },
          "type": "InitializeVariable",
          "inputs": {
            "variables": [
              {
                "name": "StatusDataShelter",
                "type": "object",
                "value": "@first(outputs('List_rows_factAnimalStatusAndLocationLog2S')?['body/value'])"
              }
            ]
          }
        },
        "List_rows_factAnimalData2s": {
          "runAfter": {
            "Initialize_variable_MicrochipID": [
              "Succeeded"
            ]
          },
          "metadata": {
            "operationMetadataId": "4067796a-3334-4e92-abe3-58cb466cf503"
          },
          "type": "OpenApiConnection",
          "inputs": {
            "host": {
              "connectionName": "shared_commondataserviceforapps",
              "operationId": "ListRecords",
              "apiId": "/providers/Microsoft.PowerApps/apis/shared_commondataserviceforapps"
            },
            "parameters": {
              "entityName": "pu_factanimaldata2s",
              "$filter": "pu_animalmicrochipid eq '@{variables('MicrochipID')}'",
              "$top": 1
            },
            "authentication": "@parameters('$authentication')"
          }
        },
        "List_rows_factShelter2S": {
          "runAfter": {
            "Initialize_variable_StatusDataFoster": [
              "Succeeded"
            ]
          },
          "metadata": {
            "operationMetadataId": "a6f96a46-16ea-46d6-8c60-596084ce1ff7"
          },
          "type": "OpenApiConnection",
          "inputs": {
            "host": {
              "connectionName": "shared_commondataserviceforapps",
              "operationId": "ListRecords",
              "apiId": "/providers/Microsoft.PowerApps/apis/shared_commondataserviceforapps"
            },
            "parameters": {
              "entityName": "pu_factshelter2s",
              "$filter": "pu_shelterid eq '@{variables('StatusDataShelter')['pu_animallocation']}'",
              "$top": 1
            },
            "authentication": "@parameters('$authentication')"
          }
        },
        "Initialize_variable_ShelterData": {
          "runAfter": {
            "List_rows_factShelter2S": [
              "Succeeded"
            ]
          },
          "metadata": {
            "operationMetadataId": "6719b1f1-dbbf-4446-ad03-9342ab89679e"
          },
          "type": "InitializeVariable",
          "inputs": {
            "variables": [
              {
                "name": "ShelterData",
                "type": "object",
                "value": "@first(outputs('List_rows_factShelter2S')?['body/value'])"
              }
            ]
          }
        },
        "Initialize_variable_FosterData": {
          "runAfter": {
            "List_rows_factFosterFamily2S": [
              "Succeeded"
            ]
          },
          "metadata": {
            "operationMetadataId": "0042661c-78bd-4bf0-a71a-87327d8dce89"
          },
          "type": "InitializeVariable",
          "inputs": {
            "variables": [
              {
                "name": "FosterData",
                "type": "object",
                "value": "@first(outputs('List_rows_factFosterFamily2S')?['body/value'])"
              }
            ]
          }
        },
        "Get_a_row_by_ID_dimAnimalGender2S": {
          "runAfter": {
            "Initialize_variable_StatusDataFoster": [
              "Succeeded"
            ]
          },
          "metadata": {
            "operationMetadataId": "24dbdd4d-0583-42df-8b3b-11a7c4d042d6"
          },
          "type": "OpenApiConnection",
          "inputs": {
            "host": {
              "connectionName": "shared_commondataserviceforapps",
              "operationId": "GetItem",
              "apiId": "/providers/Microsoft.PowerApps/apis/shared_commondataserviceforapps"
            },
            "parameters": {
              "entityName": "pu_dimanimalgender2s",
              "recordId": "@variables('AnimalData')['_pu_refanimalgender_value']"
            },
            "authentication": "@parameters('$authentication')"
          }
        },
        "Initialize_variable_AnimalGender": {
          "runAfter": {
            "Get_a_row_by_ID_dimAnimalGender2S": [
              "Succeeded"
            ]
          },
          "metadata": {
            "operationMetadataId": "a3dff397-9835-41a3-817b-ff4949e73fe0"
          },
          "type": "InitializeVariable",
          "inputs": {
            "variables": [
              {
                "name": "AnimalGender",
                "type": "object",
                "value": "@body('Get_a_row_by_ID_dimAnimalGender2S')"
              }
            ]
          }
        },
        "Get_a_row_by_ID_dimAnimalType2S": {
          "runAfter": {
            "Initialize_variable_StatusDataFoster": [
              "Succeeded"
            ]
          },
          "metadata": {
            "operationMetadataId": "f2fc63ba-dbda-41c2-b041-4782fe9b27d9"
          },
          "type": "OpenApiConnection",
          "inputs": {
            "host": {
              "connectionName": "shared_commondataserviceforapps",
              "operationId": "GetItem",
              "apiId": "/providers/Microsoft.PowerApps/apis/shared_commondataserviceforapps"
            },
            "parameters": {
              "entityName": "pu_dimanimaltype2s",
              "recordId": "@variables('AnimalData')['_pu_refanimaltype_value']"
            },
            "authentication": "@parameters('$authentication')"
          }
        },
        "Initialize_variable_AnimalType": {
          "runAfter": {
            "Get_a_row_by_ID_dimAnimalType2S": [
              "Succeeded"
            ]
          },
          "metadata": {
            "operationMetadataId": "638af557-fe7d-49cf-99d8-990ae304964b"
          },
          "type": "InitializeVariable",
          "inputs": {
            "variables": [
              {
                "name": "AnimalType",
                "type": "object",
                "value": "@body('Get_a_row_by_ID_dimAnimalType2S')"
              }
            ]
          }
        },
        "Initialize_variable_EmailBody": {
          "runAfter": {
            "Initialize_variable_PickupDate": [
              "Succeeded"
            ]
          },
          "metadata": {
            "operationMetadataId": "dcb3a205-37ac-4826-a384-8bdb78f3224a"
          },
          "type": "InitializeVariable",
          "inputs": {
            "variables": [
              {
                "name": "EmailBody",
                "type": "string",
                "value": "<html>\n<body>\nDear @{variables('FosterData')['pu_fosterclaimername']},<br>\nThank you for choosing to be a foster to our loving pet @{variables('AnimalData')['pu_animalName']}.<br>\n<br>\nWe have booked your pickup appointment at the shelter for @{variables('PickupDate')}, at 2PM.  If you are unable to attend, please get in touch with the shelter to make alternate arrangements. <br>\n<br> \nWe have also included a copy of the Pet Foster Agreement for your records.  If you have any questions, please feel free to contact the shelter manager @{variables('ShelterData')['pu_sheltermanager']}.<br>\n<br>\n<br>\n--------------------------------------------------------------------------------------<br>\nPET FOSTER AGREEMENT<br>\n<br>\nThis pet foster agreement is made on @{formatDateTime(utcNow(), 'yyyy-MM-dd')} (date) between '@{variables('ShelterData')['pu_sheltername']}', located at '@{variables('ShelterData')['pu_shelterlocation']}', hereinafter referred to as the \"Shelter\", and '@{variables('FosterData')['pu_fosterclaimername']}', located at '@{variables('FosterData')['pu_fosterloction']}'), hereinafter referred to as the \"Foster Home\".<br>\n<br>\nThe Shelter agrees to place the following pet in the temporary care of the Foster Home:<br>\n<br>\nName: @{variables('AnimalData')['pu_animalname']}<br>\nDate Of Birth: @{variables('AnimalData')['pu_animaldateofbirth']}<br>\nAge: @{variables('AnimalData')['pu_animalage']}<br>\nType: @{variables('AnimalType')['pu_animaltypename']}<br>\nGender: @{variables('AnimalGender')['pu_animalgendername']}<br>\nMicrochip number: @{variables('AnimalData')['pu_animalmicrochipid']}<br>\n<br>\n<br>\nThe Foster Home agrees to the following terms and conditions:<br>\n<br>\n1. The Foster Home shall provide the pet with a loving and safe home, adequate food, water, shelter, exercise, and veterinary care.<br>\n2. The Foster Home shall follow the Shelter's instructions and guidelines regarding the pet's feeding, grooming, training, socialization, and medical needs.<br>\n3. The Foster Home shall not spay/neuter, microchip, vaccinate, or alter the pet in any way without the Shelter's prior written consent.<br>\n4. The Foster Home shall not sell, trade, give away, or adopt out the pet. The Foster Home acknowledges that the pet remains the property of the Shelter and that the Foster Home has no ownership rights or interests in the pet.<br>\n5. The Foster Home shall allow the Shelter to visit the pet and inspect the Foster Home's premises at any reasonable time. The Foster Home shall also keep the Shelter updated on the pet's progress and condition.<br>\n6. The Foster Home shall notify the Shelter immediately if the pet is lost, stolen, injured, ill, or deceased.<br>\n7. The Foster Home shall return the pet to the Shelter at the end of the foster period or upon the Shelter's request. The foster period is expected to last for 12 months, unless otherwise agreed by the Shelter.<br>\n8. The Foster Home shall indemnify and hold harmless the Shelter from any and all claims, damages, losses, liabilities, costs, and expenses arising from or related to the foster care of the pet.<br>\n9. The Shelter makes no warranties or guarantees regarding the health, temperament, or behavior of the pet. The Shelter is not responsible for any medical or behavioral issues that may arise during or after the foster period.<br>\n10. This agreement constitutes the entire agreement between the parties and supersedes any prior or contemporaneous oral or written agreements or understandings. This agreement may not be modified or amended except in writing and signed by both parties.<br>\n<br>\nBy signing below, the parties agree to abide by the terms and conditions of this pet foster agreement.<br>\n<br>\n<br>\nShelter's Name: @{variables('ShelterData')['pu_sheltername']}<br>\nShelter's Manager: @{variables('ShelterData')['pu_sheltermanager']}<br>\nDate: @{formatDateTime(utcNow(), 'yyyy-MM-dd')}<br>\n<br>\nFoster Home's name: @{variables('FosterData')['pu_fosterclaimername']}<br>\nFoster Home's email: @{variables('FosterData')['pu_fosterclaimeremail']}<br>\nDate: @{formatDateTime(utcNow(), 'yyyy-MM-dd')}<br>\n<br>\n--------------------------------------------------------------------------------------<br>\n</body>\n</html>"
              }
            ]
          }
        },
        "Compose": {
          "runAfter": {
            "Initialize_variable_AnimalType": [
              "Succeeded"
            ],
            "Initialize_variable_FosterData": [
              "Succeeded"
            ],
            "Initialize_variable_ShelterData": [
              "Succeeded"
            ],
            "Initialize_variable_AnimalGender": [
              "Succeeded"
            ]
          },
          "metadata": {
            "operationMetadataId": "7da49686-ec48-46ed-9e0b-9a14da7a8b60"
          },
          "type": "Compose",
          "inputs": "@if(equals(dayOfWeek(utcNow()),1),addDays(utcNow(),7),if(equals(dayOfWeek(utcNow()),2),addDays(utcNow(),6),if(equals(dayOfWeek(utcNow()),3),addDays(utcNow(),5),if(equals(dayOfWeek(utcNow()),4),addDays(utcNow(),4),if(equals(dayOfWeek(utcNow()),5),addDays(utcNow(),3),if(equals(dayOfWeek(utcNow()),6),addDays(utcNow(),2),if(equals(dayOfWeek(utcNow()),0),addDays(utcNow(),1),null)))))))"
        },
        "Initialize_variable_PickupDate": {
          "runAfter": {
            "Compose": [
              "Succeeded"
            ]
          },
          "metadata": {
            "operationMetadataId": "7e8294b2-6987-4713-ac89-474c7595ea82"
          },
          "type": "InitializeVariable",
          "inputs": {
            "variables": [
              {
                "name": "PickupDate",
                "type": "string",
                "value": "@{formatDateTime(addDays(outputs('Compose'),7),'yyyy-MM-dd')}"
              }
            ]
          }
        },
        "Initialize_variable_StatusDataFoster": {
          "runAfter": {
            "Initialize_variable_StatusDataShelter": [
              "Succeeded"
            ]
          },
          "metadata": {
            "operationMetadataId": "f72096ff-3598-4be3-8842-1405d0ab20fd"
          },
          "type": "InitializeVariable",
          "inputs": {
            "variables": [
              {
                "name": "StatusDataFoster",
                "type": "object",
                "value": "@last(outputs('List_rows_factAnimalStatusAndLocationLog2S')?['body/value'])"
              }
            ]
          }
        },
        "List_rows_factFosterFamily2S": {
          "runAfter": {
            "Initialize_variable_StatusDataFoster": [
              "Succeeded"
            ]
          },
          "metadata": {
            "operationMetadataId": "ca0316a6-9f1d-4560-8b41-f282cb4888da"
          },
          "type": "OpenApiConnection",
          "inputs": {
            "host": {
              "connectionName": "shared_commondataserviceforapps",
              "operationId": "ListRecords",
              "apiId": "/providers/Microsoft.PowerApps/apis/shared_commondataserviceforapps"
            },
            "parameters": {
              "entityName": "pu_factfosterfamily2s",
              "$filter": "pu_fosterid eq '@{variables('StatusDataFoster')['pu_animallocation']}'"
            },
            "authentication": "@parameters('$authentication')"
          }
        },
        "List_rows_dimAnimalStatusValue2S": {
          "runAfter": {
            "Initialize_variable_EmailBody": [
              "Succeeded"
            ]
          },
          "metadata": {
            "operationMetadataId": "e96ba4e8-cbf9-49eb-9573-01d5b8ffdfde"
          },
          "type": "OpenApiConnection",
          "inputs": {
            "host": {
              "connectionName": "shared_commondataserviceforapps",
              "operationId": "ListRecords",
              "apiId": "/providers/Microsoft.PowerApps/apis/shared_commondataserviceforapps"
            },
            "parameters": {
              "entityName": "pu_dimanimalstatusvalue2s",
              "$filter": "pu_animalstatusname eq 'Claimed for Foster'",
              "$top": 1
            },
            "authentication": "@parameters('$authentication')"
          }
        },
        "Initialize_variable_dimClaimedForFosterStatus": {
          "runAfter": {
            "List_rows_dimAnimalStatusValue2S": [
              "Succeeded"
            ]
          },
          "metadata": {
            "operationMetadataId": "96651ad2-7c30-42af-8614-4972f8484f47"
          },
          "type": "InitializeVariable",
          "inputs": {
            "variables": [
              {
                "name": "dimClaimedForFosterStatus",
                "type": "object",
                "value": "@first(outputs('List_rows_dimAnimalStatusValue2S')?['body/value'])"
              }
            ]
          }
        },
        "Condition": {
          "actions": {
            "Send_an_email_(V2)": {
              "runAfter": {},
              "metadata": {
                "operationMetadataId": "0de27a1b-f008-4573-835a-6a95b051e028"
              },
              "type": "OpenApiConnection",
              "inputs": {
                "host": {
                  "connectionName": "shared_outlook",
                  "operationId": "SendEmailV2",
                  "apiId": "/providers/Microsoft.PowerApps/apis/shared_outlook"
                },
                "parameters": {
                  "emailMessage/To": "joe.moura.peng@outlook.com",
                  "emailMessage/Subject": "Paw & Heater Foster Agreement and Pickup.",
                  "emailMessage/Body": "<p>@{variables('EmailBody')}</p>",
                  "emailMessage/Importance": "Normal"
                },
                "authentication": "@parameters('$authentication')"
              }
            }
          },
          "runAfter": {
            "Initialize_variable_ConditionStatus": [
              "Succeeded"
            ]
          },
          "expression": {
            "contains": [
              "@variables('CheckStatus')",
              "@variables('ConditionStatus')"
            ]
          },
          "metadata": {
            "operationMetadataId": "f666cbec-82ac-4512-ab45-21dbeeb236c1"
          },
          "type": "If"
        },
        "Initialize_variable_CheckStatus": {
          "runAfter": {
            "Initialize_variable_dimClaimedForFosterStatus": [
              "Succeeded"
            ]
          },
          "metadata": {
            "operationMetadataId": "c21836c1-9be7-478b-bbab-f6ec348c4bac"
          },
          "type": "InitializeVariable",
          "inputs": {
            "variables": [
              {
                "name": "CheckStatus",
                "type": "string",
                "value": "@{variables('AnimalData')['_pu_refanimalcurrentstatus_value']}"
              }
            ]
          }
        },
        "Initialize_variable_ConditionStatus": {
          "runAfter": {
            "Initialize_variable_CheckStatus": [
              "Succeeded"
            ]
          },
          "metadata": {
            "operationMetadataId": "e8ba9ff2-d28a-4d87-ad1f-9ce1ff040f9e"
          },
          "type": "InitializeVariable",
          "inputs": {
            "variables": [
              {
                "name": "ConditionStatus",
                "type": "string",
                "value": "@{variables('dimClaimedForFosterStatus')['pu_dimanimalstatusvalue2id']}"
              }
            ]
          }
        }
      }
    },
    "templateName": ""
  },
  "schemaVersion": "1.0.0.0"
}