<ImportExportXml version="9.2.24021.188" SolutionPackageVersion="9.2" languagecode="1033" generatedBy="CrmLive" xmlns:xsi="http://www.w3.org/2001/XMLSchema-instance">
  <SolutionManifest>
    <UniqueName>PowerUpChallengev2</UniqueName>
    <LocalizedNames>
      <LocalizedName description="Power Up Challenge v2" languagecode="1033" />
    </LocalizedNames>
    <Descriptions />
    <Version>1.0.0.2</Version>
    <Managed>1</Managed>
    <Publisher>
      <UniqueName>powerup</UniqueName>
      <LocalizedNames>
        <LocalizedName description="Power Up" languagecode="1033" />
      </LocalizedNames>
      <Descriptions />
      <EMailAddress xsi:nil="true"></EMailAddress>
      <SupportingWebsiteUrl xsi:nil="true"></SupportingWebsiteUrl>
      <CustomizationPrefix>pu</CustomizationPrefix>
      <CustomizationOptionValuePrefix>82725</CustomizationOptionValuePrefix>
      <Addresses>
        <Address>
          <AddressNumber>1</AddressNumber>
          <AddressTypeCode>1</AddressTypeCode>
          <City xsi:nil="true"></City>
          <County xsi:nil="true"></County>
          <Country xsi:nil="true"></Country>
          <Fax xsi:nil="true"></Fax>
          <FreightTermsCode xsi:nil="true"></FreightTermsCode>
          <ImportSequenceNumber xsi:nil="true"></ImportSequenceNumber>
          <Latitude xsi:nil="true"></Latitude>
          <Line1 xsi:nil="true"></Line1>
          <Line2 xsi:nil="true"></Line2>
          <Line3 xsi:nil="true"></Line3>
          <Longitude xsi:nil="true"></Longitude>
          <Name xsi:nil="true"></Name>
          <PostalCode xsi:nil="true"></PostalCode>
          <PostOfficeBox xsi:nil="true"></PostOfficeBox>
          <PrimaryContactName xsi:nil="true"></PrimaryContactName>
          <ShippingMethodCode>1</ShippingMethodCode>
          <StateOrProvince xsi:nil="true"></StateOrProvince>
          <Telephone1 xsi:nil="true"></Telephone1>
          <Telephone2 xsi:nil="true"></Telephone2>
          <Telephone3 xsi:nil="true"></Telephone3>
          <TimeZoneRuleVersionNumber xsi:nil="true"></TimeZoneRuleVersionNumber>
          <UPSZone xsi:nil="true"></UPSZone>
          <UTCOffset xsi:nil="true"></UTCOffset>
          <UTCConversionTimeZoneCode xsi:nil="true"></UTCConversionTimeZoneCode>
        </Address>
        <Address>
          <AddressNumber>2</AddressNumber>
          <AddressTypeCode>1</AddressTypeCode>
          <City xsi:nil="true"></City>
          <County xsi:nil="true"></County>
          <Country xsi:nil="true"></Country>
          <Fax xsi:nil="true"></Fax>
          <FreightTermsCode xsi:nil="true"></FreightTermsCode>
          <ImportSequenceNumber xsi:nil="true"></ImportSequenceNumber>
          <Latitude xsi:nil="true"></Latitude>
          <Line1 xsi:nil="true"></Line1>
          <Line2 xsi:nil="true"></Line2>
          <Line3 xsi:nil="true"></Line3>
          <Longitude xsi:nil="true"></Longitude>
          <Name xsi:nil="true"></Name>
          <PostalCode xsi:nil="true"></PostalCode>
          <PostOfficeBox xsi:nil="true"></PostOfficeBox>
          <PrimaryContactName xsi:nil="true"></PrimaryContactName>
          <ShippingMethodCode>1</ShippingMethodCode>
          <StateOrProvince xsi:nil="true"></StateOrProvince>
          <Telephone1 xsi:nil="true"></Telephone1>
          <Telephone2 xsi:nil="true"></Telephone2>
          <Telephone3 xsi:nil="true"></Telephone3>
          <TimeZoneRuleVersionNumber xsi:nil="true"></TimeZoneRuleVersionNumber>
          <UPSZone xsi:nil="true"></UPSZone>
          <UTCOffset xsi:nil="true"></UTCOffset>
          <UTCConversionTimeZoneCode xsi:nil="true"></UTCConversionTimeZoneCode>
        </Address>
      </Addresses>
    </Publisher>
    <RootComponents>
      <RootComponent type="1" schemaName="pu_dimanimalclass2" behavior="0" />
      <RootComponent type="1" schemaName="pu_dimanimalgender2" behavior="0" />
      <RootComponent type="1" schemaName="pu_dimanimalstatusvalue2" behavior="0" />
      <RootComponent type="1" schemaName="pu_dimanimaltype2" behavior="0" />
      <RootComponent type="1" schemaName="pu_dimrewardbadge2" behavior="0" />
      <RootComponent type="1" schemaName="pu_factadopterfamily2" behavior="0" />
      <RootComponent type="1" schemaName="pu_factanimaldata2" behavior="0" />
      <RootComponent type="1" schemaName="pu_factanimalmedicalchart2" behavior="0" />
      <RootComponent type="1" schemaName="pu_factanimalstatusandlocationlog2" behavior="0" />
      <RootComponent type="1" schemaName="pu_factanimalstory2" behavior="0" />
      <RootComponent type="1" schemaName="pu_factanimalvetschedule2" behavior="0" />
      <RootComponent type="1" schemaName="pu_factfosterfamily2" behavior="0" />
      <RootComponent type="1" schemaName="pu_factfosterreward2" behavior="0" />
      <RootComponent type="1" schemaName="pu_factshelter2" behavior="0" />
      <RootComponent type="1" schemaName="pu_factsheltertype" behavior="1" />
      <RootComponent type="1" schemaName="pu_factsheltertype2" behavior="0" />
      <RootComponent type="29" id="{075aa0e8-30db-ee11-904c-6045bdfec810}" behavior="0" />
      <RootComponent type="29" id="{24b6d963-2bdb-ee11-904c-6045bdfec810}" behavior="0" />
      <RootComponent type="29" id="{5a16b2b1-95d9-ee11-904c-6045bdfec810}" behavior="0" />
      <RootComponent type="29" id="{84ffccb1-04db-ee11-904c-6045bdfec810}" behavior="0" />
      <RootComponent type="29" id="{b2d62e32-a4da-ee11-904c-6045bdfec810}" behavior="0" />
      <RootComponent type="62" schemaName="pu_PawHeartShelterStaff" behavior="0" />
      <RootComponent type="80" schemaName="pu_PawHeartShelterStaff" behavior="0" />
      <RootComponent type="300" schemaName="pu_pawheartchangeanimallocation_38c43" behavior="0" />
      <RootComponent type="300" schemaName="pu_pawhearthomeapp_9b22a" behavior="0" />
      <RootComponent type="300" schemaName="pu_pawheartwelcome_a07ed" behavior="0" />
      <RootComponent type="300" schemaName="pu_shelteractions_2e4c9" behavior="0" />
      <RootComponent type="431" schemaName="pu_factanimaldata2 pu_animalphotoimage" behavior="0" />
      <RootComponent type="431" schemaName="pu_factanimalstory2 pu_animalstoryphoto" behavior="0" />
      <RootComponent type="432" schemaName="pu_factanimaldata2" behavior="0" />
      <RootComponent type="432" schemaName="pu_factanimalstory2" behavior="0" />
    </RootComponents>
    <MissingDependencies>
      <MissingDependency>
        <Required type="1" schemaName="pu_factsheltertype" displayName="factShelterType" solution="Active" />
        <Dependent type="1" schemaName="pu_factsheltertype" displayName="factShelterType" />
      </MissingDependency>
      <MissingDependency>
        <Required type="10" schemaName="pu_factsheltertype_RefShelter_pu_factshelter" displayName="pu_factsheltertype_RefShelter_pu_factshelter" parentSchemaName="pu_factshelter2" parentDisplayName="factShelter2" solution="Active" />
        <Dependent type="60" displayName="Information" parentDisplayName="factShelter2" id="{75d09584-55e8-404b-abc1-ec602ee0858e}" />
      </MissingDependency>
      <MissingDependency>
        <Required type="2" schemaName="pu_factsheltertypeid" displayName="factShelterType" parentSchemaName="pu_factsheltertype" parentDisplayName="factShelterType" solution="Active" />
        <Dependent type="26" schemaName="PerShelterType" displayName="PerShelterType" parentSchemaName="pu_factsheltertype" parentDisplayName="factShelterType" id="{791bb7b3-86d2-ee11-9078-6045bdfec810}" />
      </MissingDependency>
      <MissingDependency>
        <Required type="2" schemaName="pu_refanimalclass" displayName="RefAnimalClass" parentSchemaName="pu_factsheltertype" parentDisplayName="factShelterType" solution="Active" />
        <Dependent type="26" schemaName="PerShelterType" displayName="PerShelterType" parentSchemaName="pu_factsheltertype" parentDisplayName="factShelterType" id="{791bb7b3-86d2-ee11-9078-6045bdfec810}" />
      </MissingDependency>
      <MissingDependency>
        <Required type="26" schemaName="Active factShelterTypes" displayName="Active factShelterTypes" parentSchemaName="pu_factsheltertype" parentDisplayName="factShelterType" solution="Active" id="{15be60f8-d8c8-4614-969e-71d6a599cf11}" />
        <Dependent type="60" displayName="Information" parentDisplayName="factShelter2" id="{75d09584-55e8-404b-abc1-ec602ee0858e}" />
      </MissingDependency>
      <MissingDependency>
        <Required type="61" schemaName="msdyn_/Images/AppModule_Default_Icon.png" displayName="msdyn_/Images/AppModule_Default_Icon.png" solution="AppModuleWebResources (2.5)" />
        <Dependent type="80" schemaName="pu_PawHeartShelterStaff" displayName="Paw &amp; Heart - At Shelter" />
      </MissingDependency>
      <MissingDependency>
        <Required type="connectionreference" displayName="pu_sharedcommondataserviceforapps_09efb" solution="Active" id.connectionreferencelogicalname="pu_sharedcommondataserviceforapps_09efb" />
        <Dependent type="29" displayName="Process - Foster Claim Notification" id="{075aa0e8-30db-ee11-904c-6045bdfec810}" />
      </MissingDependency>
      <MissingDependency>
        <Required type="connectionreference" displayName="pu_sharedcommondataserviceforapps_09efb" solution="Active" id.connectionreferencelogicalname="pu_sharedcommondataserviceforapps_09efb" />
        <Dependent type="29" displayName="Test = Table Modified" id="{24b6d963-2bdb-ee11-904c-6045bdfec810}" />
      </MissingDependency>
      <MissingDependency>
        <Required type="connectionreference" displayName="pu_sharedcommondataserviceforapps_09efb" solution="Active" id.connectionreferencelogicalname="pu_sharedcommondataserviceforapps_09efb" />
        <Dependent type="29" displayName="Test - Foster Claim Notification" id="{84ffccb1-04db-ee11-904c-6045bdfec810}" />
      </MissingDependency>
      <MissingDependency>
        <Required type="connectionreference" displayName="pu_sharedcommondataserviceforapps_09efb" solution="Active" id.connectionreferencelogicalname="pu_sharedcommondataserviceforapps_09efb" />
        <Dependent type="29" displayName="Test - Get Shelter by ID" id="{b2d62e32-a4da-ee11-904c-6045bdfec810}" />
      </MissingDependency>
      <MissingDependency>
        <Required type="SettingDefinition" displayName="AppChannel" solution="msdyn_AppFrameworkInfraExtensions (1.0.0.6)" id.uniquename="AppChannel" />
        <Dependent type="AppSetting" displayName="parentappmoduleid.uniquename=pu_PawHeartShelterStaff,settingdefinitionid.uniquename=AppChannel" id.parentappmoduleid.uniquename="pu_PawHeartShelterStaff" id.settingdefinitionid.uniquename="AppChannel" />
      </MissingDependency>
    </MissingDependencies>
  </SolutionManifest>
</ImportExportXml>